<?xml version="1.0" encoding="UTF-8"?>
<application xmlns="http://ns.adobe.com/air/application/16.0">

  <id>com.davikingcode.GooglePlusANE</id>
  
  <filename>GooglePlusANE</filename>
  
  <name>GooglePlus-ANE</name>
  
  <versionNumber>1.0</versionNumber>
  
  <initialWindow>
    <content>GooglePlus-ANE.swf</content>
    <aspectRatio>portrait</aspectRatio>
    <fullScreen>false</fullScreen>
    <autoOrients>false</autoOrients>
    <visible>true</visible>
    <renderMode>auto</renderMode>
  </initialWindow>

  <supportedProfiles>desktop extendedDesktop mobileDevice extendedMobileDevice</supportedProfiles>

  <iPhone>
    <InfoAdditions><![CDATA[<key>UIDeviceFamily</key>
			                <array>
			                    <string>1</string>
			                    <string>2</string>
			                </array>
			                <key>UIStatusBarStyle</key>
			                <string>UIStatusBarStyleBlackOpaque</string>
			                <key>UIRequiresPersistentWiFi</key>
			                <string>YES</string>
			                <key>CFBundleURLTypes</key>
							<array>
								<dict>
									<key>CFBundleURLSchemes</key>
									<array>
										<string>com.davikingcode.GooglePlusANE</string>
									</array>
								</dict>
							</array>]]></InfoAdditions>
    <requestedDisplayResolution>high</requestedDisplayResolution>
  </iPhone>

  <android>
    <manifestAdditions><![CDATA[<manifest>
    <uses-permission android:name="android.permission.INTERNET" />
    <uses-permission android:name="android.permission.GET_ACCOUNTS" />
    <uses-permission android:name="android.permission.USE_CREDENTIALS" />
    <uses-permission android:name="android.permission.WRITE_EXTERNAL_STORAGE" />
    <application android:enabled="true">
      <meta-data android:name="com.google.android.gms.version" android:value="@integer/google_play_services_version" />
      <activity android:excludeFromRecents="false">
        <intent-filter>
          <action android:name="android.intent.action.MAIN" />
          <category android:name="android.intent.category.LAUNCHER" />
        </intent-filter>
      </activity>
      <activity android:name="com.davikingcode.nativeExtensions.googlePlus.LoginActivity" android:theme="@android:style/Theme.Translucent.NoTitleBar.Fullscreen" />
      <activity android:name="com.davikingcode.nativeExtensions.googlePlus.ShareActivity" android:theme="@android:style/Theme.Translucent.NoTitleBar.Fullscreen" />
      <activity android:name="com.davikingcode.nativeExtensions.googlePlus.DisconnectActivity" android:theme="@android:style/Theme.Translucent.NoTitleBar.Fullscreen" />
    </application>
  </manifest>]]></manifestAdditions>
  </android>

  <extensions>
    <extensionID>com.davikingcode.nativeExtensions.GooglePlus</extensionID>
  </extensions>
  
</application>

